Title, Company, Rating, Location, Summary, Job Link
INTERN ANALYST,Nova Consulting,3.7,New York NY,With 2 offices in Paris and New York and 50 collaborators.Projects for companies’ Executive Management (Strategy or Marketing) with a focus on Food Service…,https://www.indeed.com/viewjob?jk=a94146edce3ce4ce&fccid=497b512f3d951c20&vjs=3
Data Analyst – Internship/Entry Level,CCS Global Tech,-,New York NY,Provides plan with data reporting and analyses that enable data driven decision making.Provides summary analyses in written and oral presentation settings.,https://www.indeed.com/viewjob?cmp=CCS Global Tech&t=Data-Analyst-Internship-Entry-Level&jk=31460d8712c26f82
Data Analyst Intern,PayPal,3.9,New York NY 10014 (West Village area),Through a combination of technological innovation and strategic partnerships PayPal creates better ways to manage and move money and offers choice and…,https://www.indeed.com/viewjob?jk=880884b01717e797&fccid=978d9fd9799d55a8&vjs=3
Summer 2021 Intern Product Design,The New York Times,4.0,New York NY,As a product design intern you will:Collaborating with a team of game makers engineers and data analysts to design and test a functional game prototype.,https://www.indeed.com/viewjob?jk=22fe2dc522773c8a&fccid=1b50fcfb150b1b48&vjs=3
Developing Markets Intern,Invesco,4.0,New York NY 10006 (Financial District area),An interest in technology is needed.Develop effective relationships with broker/dealer analysts and sales staff to maximize knowledge of industry and company…,https://www.indeed.com/viewjob?jk=56118901d56e111e&fccid=61e847dda35dc377&vjs=3
Analyst Intern - Experience Design University Students,McKinsey & Company,4.3,New York NY,Currently enrolled in a master’s degree in human computer interaction or design-related degree program graduating in December 2021 or by June 2022.,https://www.indeed.com/viewjob?jk=8e77bf5b8c08a173&fccid=6576e7250aa78c3c&vjs=3
Techno - Func Associate - Intern,Capgemini,3.8,New York NY,- Assist in development of visual representation and presentation content related to technology usage; organize and update associated documentation.,https://www.indeed.com/viewjob?jk=e3939e26a410f8b8&fccid=105ecfd0283f415f&vjs=3
Finance Intern - Summer,Spectrum,3.4,New York NY,Competitive pay for both our undergrad graduate and technology positions.The company offers custom solutions for the modern media landscape utilizing national…,https://www.indeed.com/viewjob?jk=b5a3c77335ae1ca9&fccid=c2d1b0769a534b4d&vjs=3
Intern Macro Quantitative Analyst,Balyasny,4.0,New York NY,The ideal candidate for an intern position will be someone who demonstrates:The Macro Team is looking for Rotational Analyst Interns to work across all asset…,https://www.indeed.com/viewjob?jk=d89614fa62a6c727&fccid=3187d6d05b329ebf&vjs=3
Articulate Internship Program,Articulate Communications,-,New York NY 10038 (Financial District area),Providing support at client or Articulate events including our annual Summer Party which is one of the most sought after tickets in the industry.,https://www.indeed.com/viewjob?jk=b854e0208f6b1097&fccid=3332f4f7e43fb621&vjs=3
Technology -2021 Summer Internship,FCB Global,3.3,New York NY,Friday is reserved for teams to work on the client project which is presented in pitch format to our c-level executives as well as the client.,https://www.indeed.com/viewjob?jk=a03dd2c5e884beac&fccid=b4460b1bac9048e7&vjs=3
Corporate Development & Strategy - Summer Intern (Graduate),A+E Networks,3.9,New York NY,This intern will identify business opportunities develop a long term strategy on one topic and provide actionable steps to capitalize on the opportunity.,https://www.indeed.com/viewjob?jk=890e4f56eeeeb791&fccid=33167ff346382db1&vjs=3
Business Support Analyst,Bank of America,3.8,New York NY,Works directly with the Business Managers in the technology organization on resource allocations/forecast.Works under the supervision of a Manager or Senior…,https://www.indeed.com/viewjob?jk=a5f75d0ea31df295&fccid=5bd99dfa21c8a490&vjs=3
Internship: Research Specialist Politics & Advocacy,Applecart,-,New York NY,You will work with a talented team of political and public affairs strategists data scientists and data analysts who together impact elections policy…,https://www.indeed.com/viewjob?jk=9311d13866b31523&fccid=c3ef670d668dfdba&vjs=3
Tik Tok Business Researcher Internship,ByteDance,-,-,Past internship experience in consulting VC strategic role in an leading Internet company and research analyst role in banking/PE strong preferred.,https://www.indeed.com/viewjob?cmp=ByteDance&t=ead/clk?mo=r&ad=-6NYlbfkN0A1xek5knTnC5i_gSNNUQ677KkFw824YX3Xvyf6DkeM2VycB-_zAS9fKDHwOMPdvrcwOP-ij7j78xltqYVuGrXKxejquXirk0r7534PnV0CpCNld7fQAM-ODBLBVWKz5Sq7dNHhAgrhyODvhPE_K-gbT9qDSUVoRZ0t6i7DSQyjydofud_WfaPfOpCy-TXh__9wvwx5mA59BqPaIdSGXRwpmktGJKBnFOIqh4yKC2C2SywTbGvxAIdgW1ymr4ZxaG11XI1c22-vVvupKzWVLJuE4VkibTiG9jYcZ5PwphgtuuJEZqX3Mk1lngnq2cCKSByRLFfFBBDLZmvMjr-aIQKCZ4WF-9DDD05Jz74q4eDREs07NU-RxioX93ZYvkri5LSLHXUx4LgmqaQsozx4-65mPmG4lwwpmddPVDiBRuRz_uESaLr2rfFEEIT3PMUBO7-z1Kp&jk=
Data Analyst Intern (Summer 2021),Panasonic Corporation of North America,3.8,Newark NJ,Candidate will be responsible for helping the business support department to develop help standardize and deploy tools and processes that support the IAQ…,https://www.indeed.com/viewjob?jk=f74effcd7d3692bc&fccid=1cd1990427c0d7e2&vjs=3
Intern Business Development,Balyasny,4.0,New York NY,The individual will support the BD Team which recruits talent to the firm across all functions including portfolio managers analysts risk managers operations…,https://www.indeed.com/viewjob?jk=3d011e55f8f30efd&fccid=3187d6d05b329ebf&vjs=3
Spring PR Intern - Broadcast,WE Communications,3.7,New York NY 10014 (West Village area),Master working with team members in other locations and incorporate videoconferencing technology.Contribute to logistics and preparation of press activities…,https://www.indeed.com/viewjob?jk=916c64cfb159ea78&fccid=9cb4bba32503218d&vjs=3
Energy Engineering & Auditing Intern (Fall 2020 and Spring 2...,EN-POWER GROUP,5.0,New York NY,Demonstrated passion for energy efficiency and clean energy technology.You will develop an understanding of building HVAC DHW lighting mechanical and…,https://www.indeed.com/viewjob?jk=5c33ab7a5f94f0e2&fccid=e0cd144d72a4f10b&vjs=3
Data Science Intern | Summer 2021,Liquidnet,4.0,New York NY,Ability to collaborate globally; leveraging technology to communicate and partner with our NY and London offices.Analyze unique proprietary data sets.,https://www.indeed.com/viewjob?jk=046648367c28d80b&fccid=8288755c1d73f5f0&vjs=3
PR/Marketing Intern,Eco Branding,-,New York NY 10017 (Midtown area),Eco Branding is seeking driven marketing and public relations interns with a passion for clean technology and sustainability.,https://www.indeed.com/viewjob?jk=a82f73525d513615&fccid=6e77b10165b4f553&vjs=3
Product Analyst Intern,Publishers Clearing House,3.9,Jericho NY,The Product Analyst Intern will work closely with the PCH Entertainment Properties Creative Technology and Operations teams on all promotions and campaigns…,https://www.indeed.com/viewjob?cmp=Publishers Clearing House&t=Product-Analyst-Intern&jk=72362ccc5c1bc68b
PR Intern,LEWIS,4.0,New York NY,Produce client documents for media and analyst tours and other events such as speaking opportunities.For stellar candidates there is also a possibility of…,https://www.indeed.com/viewjob?jk=7b44d8341cb8870b&fccid=5e164cc4e98a613b&vjs=3
Intern Front End React Developer,Balyasny,4.0,New York NY,Prior internship experience building front-end web applications using modern web technologies using React.js.Bachelor’s or Master’s degree in Computer Science.,https://www.indeed.com/viewjob?jk=089d3e7ed382f816&fccid=3187d6d05b329ebf&vjs=3
2021 Summer Intern - Technology Majors - Jersey City / Parsi...,Fiserv Inc.,3.4,Jersey City NJ,Interest in learning and using emerging technologies (Mobile payments cloud computing information security and converging markets.,https://www.indeed.com/viewjob?jk=625a42de09a6f8f3&fccid=1ea0475711674f3b&vjs=3
Business & Data Analyst Intern | Summer 2021,Liquidnet,4.0,New York NY,You will work with the team to help research and analyze business regulatory and technology related initiatives to deliver high-quality solutions for various…,https://www.indeed.com/viewjob?jk=4fffae3e131d40f0&fccid=8288755c1d73f5f0&vjs=3
2021 Intern - Market Development & Insights Associate Adviso...,IBM,3.9,New York NY 10002 (Lower East Side area),Interest in the technology industry.MD&I analysts approach every engagement with a client-centered focus bringing together marketplace expertise…,https://www.indeed.com/viewjob?jk=0ebe81c5f0561931&fccid=de71a49b535e21cb&vjs=3
Data Science Intern,Guidepoint,3.9,New York NY 10017 (Turtle Bay area),Apply various modeling and analysis techniques to build top-line company specific metric predictions that will consistently beat analyst consensus.,https://www.indeed.com/viewjob?jk=b3cc60e5cfe31872&fccid=bf7646a289667e23&vjs=3
Research Analyst,Marcus & Millichap,3.5,Manhattan NY,Operate on the leading edge of real estate research technology by proactively learning new skills and software tools.,https://www.indeed.com/viewjob?jk=18da4f15461ca90e&fccid=7b5246453e034b1a&vjs=3
Tik Tok Business Researcher Internship,ByteDance,-,-,Past internship experience in consulting VC strategic role in an leading Internet company and research analyst role in banking/PE strong preferred.,https://www.indeed.com/viewjob?cmp=ByteDance&t=ead/clk?mo=r&ad=-6NYlbfkN0A1xek5knTnC5i_gSNNUQ677KkFw824YX3Xvyf6DkeM2VycB-_zAS9fKDHwOMPdvrcwOP-ij7j78xltqYVuGrXKxejquXirk0r7534PnV0CpCNld7fQAM-ODBLBVWKz5Sq7dNHhAgrhyODvhPE_K-gbT9qDSUVoRZ0t6i7DSQyjydofud_WfaPfP1aGBxFcjeIN0UjaR7Y7SBEqmPZxZOkYhFKs9MQ_FfVm4VVLnxttj8JOGXwlM8kQhSHK0SEe8X0bIIxi_4_mDysTaCwpU8oXa57ZZ5PUMx5JFGc9Nwc5vwqqE10AK2judneR81cczs_kR6MOPCl0pGG17d4fBhjNlcMtpb29oLTmG3M52mG0NOBtsKC5nBKWdqwxF1y55zK_nDkeEaBC8RZezZX3yUVUMrIC1BzdCJCSC_BqjQe85Eh1RXuo_Am6nW1uDUEHDVjkk6thAj4lssMV07a0dKwRct6lE7B0NuWukNzKYyN8YCbyH1CHc0EWj41wlq1ZWYY-_SSB&jk=
Mechanical Design Engineer Intern,EN-POWER GROUP,5.0,New York NY,Demonstrated passion for energy efficiency and clean energy technology.As a Mechanical Design Engineer Intern with EN-POWER GROUP you will perform site visits…,https://www.indeed.com/viewjob?jk=b305fbe824a0e701&fccid=e0cd144d72a4f10b&vjs=3
2021 Student Technology Agile & Readiness Training (S.T.A.R...,BNY Mellon,3.5,New York NY 10286 (Tribeca area),Client Technology Solutions provides our business partners with client-focused technology-based solutions.Enrollment in a 4-year undergraduate (U.S.) degree…,https://www.indeed.com/viewjob?jk=1d0510313da815e6&fccid=b4048be2884af072&vjs=3
Virtual Web Design Intern,FYID NYC,-,Brooklyn NY 11222,Work with business analysts to gather requirements.YOU MUST ELIGIBLE TO OBTAIN CREDITS FROM YOUR UNIVERSITY.Build out new websites for clients and brands.,https://www.indeed.com/viewjob?cmp=FYID NYC&t=Virtual-Web-Design-Intern&jk=12383601b4dfec33
Business Analyst Internship,Financial Sciences Corporation,-,Jersey City NJ 07310 (The Waterfront area),Proven expertise working with the following technologies: HTML/Java Script XML Excel and SQL.Three to six month internship positions working on the company’s…,https://www.indeed.com/viewjob?jk=67aa6965f108c8ac&fccid=ff66ec5c100e482e&vjs=3
Business Analysis/Technical Internship,Sumitomo Mitsui Banking Corporation,3.4,New York NY 11205 (Clinton Hill area),General IT Business Analysis support including:Documentation and change control mangement.Interested in Information Technology and Software Development Life…,https://www.indeed.com/viewjob?jk=e606f4c34044e25c&fccid=e6ac082831bf0db9&vjs=3
Data Analyst I Division of Pulmonary Medicine,Mount Sinai,3.9,New York NY 10029 (East Harlem area),Maintains knowledge of the current regulations and technologies related to data management.Assists medical students interns residents and/or program faculty…,https://www.indeed.com/viewjob?jk=8237ceaf583767ee&fccid=c007936ceb766fe5&vjs=3
Energy Management analyst- Wood Mackenzie Early intern exper...,Wood Mackenzie,4.1,New York NY 10018 (Garment District area),Our global team uses AI machine learning automation and other emerging technologies to collect and analyze billions of records.,https://www.indeed.com/viewjob?jk=e5d57b3a25219ec2&fccid=a7c45263be5bd036&vjs=3
Associate Intern Client Service (Class Of 2022) – NYC – Bil...,Guidepoint Global,3.3,New York NY 10017 (Turtle Bay area),Working alongside analysts and project managers you will help clients collect insights critical to make effective investment and business decisions.,https://www.indeed.com/viewjob?jk=b9ceef0bafb85f69&fccid=3ec60d46cb3714f9&vjs=3
Investment Banking Senior Analyst,ECI,-,New York NY 10005 (Financial District area),Development training and mentoring of analysts & interns.Bachelor's degree or equivalent (ideally in a business or technology discipline) MBA a plus but not…,https://www.indeed.com/viewjob?cmp=ECI&t=Investment-Banking-Senior-Analyst&jk=393dac6a5d538765
Data Science Intern - Summer 2021,MongoDB,3.7,New York NY 10019 (Midtown area),Collaborate with data engineers UX researchers software developers and data analysts/scientists to build data science solutions and provide analytical…,https://www.indeed.com/viewjob?jk=f32bc244e4bd157d&fccid=5c80575a010bbc63&vjs=3
2022 Global Markets Program - Quantitative Strategies Group...,RBC,4.0,New York NY 10281 (Battery Park area),Use quantitative analysis to continuously improve strategies and technology.Assist in developing innovative businesses and trading strategies conducting…,https://www.indeed.com/viewjob?jk=febc465253e63277&fccid=537b899e30af3338&vjs=3
INTERN - CHANGE AND BUSINESS ANALYST Temporary,United Nations,4.4,New York NY,We recruit interns throughout the year for assignments of at least 2 months.Under the overall guidance of the Common Back Office Global Lead under direct…,https://www.indeed.com/viewjob?jk=0cb7f1c0d142a35f&fccid=65ae769cb89830ec&vjs=3
Associate Intern Client Service (Class Of 2022) – NYC – Bil...,Guidepoint Global,3.3,New York NY 10017 (Turtle Bay area),Working alongside analysts and project managers you will help clients collect insights critical to make effective investment and business decisions.,https://www.indeed.com/viewjob?jk=3890ef745a309e63&fccid=3ec60d46cb3714f9&vjs=3
Intern - Summer 2021 - Business Analyst,Crestron Electronics Inc,3.0,Rockleigh NJ 07647,Inquisitive individual with a desire to learn possessing a long term desire to work in the business analyst space.Invent new systems or alter existing ones.,https://www.indeed.com/viewjob?jk=cbd99ece6e57221f&fccid=520758f2b98a9948&vjs=3
Tik Tok Business Researcher Internship,ByteDance,-,-,Past internship experience in consulting VC strategic role in an leading Internet company and research analyst role in banking/PE strong preferred.,https://www.indeed.com/viewjob?cmp=ByteDance&t=ead/clk?mo=r&ad=-6NYlbfkN0A1xek5knTnC5i_gSNNUQ677KkFw824YX3Xvyf6DkeM2VycB-_zAS9fKDHwOMPdvrcwOP-ij7j78xltqYVuGrXKxejquXirk0r7534PnV0CpCNld7fQAM-ODBLBVWKz5Sq7dNHhAgrhyODvhPE_K-gbT9qDSUVoRZ0t6i7DSQyjydofud_WfaPfT5XnebS6je7crnVoQfxFJdWm9SzMKOQxSoSuygnFxNvTUnkCMbPOD5wJm9PkgtBcjjg5jcY0A1vmUsZmbI-vHqZMiKUz1hFw5FyG31EJ4V8NCX1EWtoAEGca_9qGxFMT1bcIyxR2-SMHl674m2ql4pdKQhD0vKhXNkUcbbaCZcb7bdZ942AnnTip9lF_WYT7laePJGiD2aSvWRfDZU1mnCvEV&jk=
Field Services Analyst,RWJBarnabas Health,3.9,Jersey City NJ 07302 (Downtown area),Perform training to staff and customers on various technology topics including hardware configurations processes and applications.,https://www.indeed.com/viewjob?jk=4c14b987f4a57513&fccid=c4edd35d91e8a141&vjs=3
Energy Auditor,EN-POWER GROUP,5.0,New York NY,Demonstrated passion for energy efficiency and clean energy technology.Work with interns during energy audits and other on-site data collection visits.,https://www.indeed.com/viewjob?jk=998cdfd057abb6f0&fccid=e0cd144d72a4f10b&vjs=3
INTERN - Statistics Temporary,United Nations,4.4,New York NY,Costs and arrangements for travel visas accommodation and living expenses are the responsibility of interns or their sponsoring institutions.,https://www.indeed.com/viewjob?jk=91e0c135979c2322&fccid=65ae769cb89830ec&vjs=3
Intern Benefits (Summer 2021),Panasonic Corporation of North America,3.8,Newark NJ,We are looking to employ an enthusiastic and driven Benefit Intern to assist our HR department with administrative benefits related tasks.,https://www.indeed.com/viewjob?jk=b37cdd5b1800cce5&fccid=1cd1990427c0d7e2&vjs=3
Fixed Income Corporate Credit Trader,Brown Brothers Harriman,3.7,New York NY,Working with analysts and PMs to help locate bonds of desired issues.Mentoring and training interns from large clients for a few days a year.,https://www.indeed.com/viewjob?jk=bd9328a710902f35&fccid=6b4d8589813ead16&vjs=3
2021 Student Technology Agile & Readiness Training (S.T.A.R...,BNY Mellon,3.5,New York NY 10286 (Tribeca area),Proposes innovative creative technology solutions.Client Technology Solutions provides our business partners with client-focused technology-based solutions.,https://www.indeed.com/viewjob?jk=c686d40d27272f70&fccid=b4048be2884af072&vjs=3
Remote Market Research Analyst Internship,TWG Companies,-,Jersey City NJ,We are looking for a methodical Market Research analyst to survey customer preferences and statistical data in order to support customers during their decision…,https://www.indeed.com/viewjob?cmp=TWG Companies&t=Remote-Market-Research-Analyst-Internship&jk=c79921183eb0a669
Summer 2021 - Revenue Control Intern,PSEG,3.8,Newark NJ 07101 (South Ironbound area),Employment Type: Non-Exempt Part Time.The Revenue Control team is responsible for maintaining and applying the PSEG Standards and Business Controls accurate…,https://www.indeed.com/viewjob?jk=b8c66055e55d24d1&fccid=46c5d1b673b120b1&vjs=3
Healthcare Associate Intern Client Service (Class Of 2022)...,Guidepoint Global,3.3,New York NY 10017 (Turtle Bay area),Working alongside analysts and project managers you will help clients collect insights critical to make effective investment and business decisions in the…,https://www.indeed.com/viewjob?jk=e4f78e9ed1bd88ba&fccid=3ec60d46cb3714f9&vjs=3
Associate Intern Client Service (Class Of 2022) – NYC,Guidepoint Global,3.3,New York NY 10017 (Turtle Bay area),Working alongside analysts and project managers you will help clients collect insights critical to make effective investment and business decisions.,https://www.indeed.com/viewjob?jk=a99aa0de59a1f8db&fccid=3ec60d46cb3714f9&vjs=3
Senior Associate E-GRC/Business Analyst with Service Now,KPMG,4.0,New York NY,Supervise and mentor associates interns and new hires.Provide high quality professional day-to-day execution of internal audit engagements and projects in…,https://www.indeed.com/viewjob?jk=f6a65fdf36a0a5b9&fccid=2dd390c3a48a7ed0&vjs=3
Industrial Engineering Intern – Summer 2021,CACI,3.8,Florham Park NJ 07932,Work includes Product Lifecycle Management tool utilization for database management and advanced report generation.,https://www.indeed.com/viewjob?jk=be94b5b89216a3e0&fccid=290a4498a64fc044&vjs=3
Associate Internship Program,Penderie,-,Edgewater NJ,TAP is an internship offered to current student or recent degree/diploma holders with concentration in information technology programing languages & web…,https://www.indeed.com/viewjob?jk=b2c7f1b487b07822&fccid=462cc3d086682285&vjs=3
GIS Intern,Workforce Logiq,3.1,Paramus NJ 07652,The data being shared must reliably meet operational and daily system maintenance needs.Asset data in GIS must be accurate positionally (in the right place)…,https://www.indeed.com/viewjob?jk=c4ad58459d401342&fccid=bdbc38ad07a162e4&vjs=3
Tik Tok Business Researcher Internship,ByteDance,-,-,Past internship experience in consulting VC strategic role in an leading Internet company and research analyst role in banking/PE strong preferred.,https://www.indeed.com/viewjob?cmp=ByteDance&t=ead/clk?mo=r&ad=-6NYlbfkN0A1xek5knTnC5i_gSNNUQ677KkFw824YX3Xvyf6DkeM2VycB-_zAS9fKDHwOMPdvrcwOP-ij7j78xltqYVuGrXKxejquXirk0r7534PnV0CpCNld7fQAM-ODBLBVWKz5Sq7dNHhAgrhyODvhPE_K-gbT9qDSUVoRZ0t6i7DSQyjydofud_WfaPfOZluCoNqp7s_KNRE-EY4dCwHgpJ6gm4GwitiOGzA1NwoIDndQwAIYD7tER6wdip7KzFNM5D0ZuUWGakPeZgK9-Sso10hCbTX0dbZwQZAoWlv0zVVD9jA9cIxIHd66wnQR8yeZJftSFUZKEmgq1MLfyXFty8rJDH-tDIKRA7AtrliFOSzh1l14NuDnrfax3gS_soU_vMXImFbRJMpt1tzK4NNtuaC9WMRuiXavVg5cv8ibt90FtrKp4AzEtLfrfjMWQFBfpcyd3KcC9_TJtzVxPhjQ0t7BEljqVttNULycIjFqJKdelcbQ81_d8Ul8bWjUF&jk=
2022 Global Markets Program - Quantitative Strategies Group...,RBC,4.0,New York NY 10281 (Battery Park area),Use quantitative analysis to continuously improve strategies and technology.Assist in developing innovative businesses and trading strategies conducting…,https://www.indeed.com/viewjob?jk=febc465253e63277&fccid=537b899e30af3338&vjs=3
INTERN - CHANGE AND BUSINESS ANALYST Temporary,United Nations,4.4,New York NY,We recruit interns throughout the year for assignments of at least 2 months.Under the overall guidance of the Common Back Office Global Lead under direct…,https://www.indeed.com/viewjob?jk=0cb7f1c0d142a35f&fccid=65ae769cb89830ec&vjs=3
Associate Intern Client Service (Class Of 2022) – NYC – Bil...,Guidepoint Global,3.3,New York NY 10017 (Turtle Bay area),Working alongside analysts and project managers you will help clients collect insights critical to make effective investment and business decisions.,https://www.indeed.com/viewjob?jk=3890ef745a309e63&fccid=3ec60d46cb3714f9&vjs=3
Intern - Summer 2021 - Business Analyst,Crestron Electronics Inc,3.0,Rockleigh NJ 07647,Inquisitive individual with a desire to learn possessing a long term desire to work in the business analyst space.Invent new systems or alter existing ones.,https://www.indeed.com/viewjob?jk=cbd99ece6e57221f&fccid=520758f2b98a9948&vjs=3
Senior Analyst Display & Paid Social (NY),Ovative Group,4.6,New York NY,Execution with ad serving and technology tools (Facebook Ads Manager DSPs Google Ads etc.).Act as a subject matter expert for Display & Paid Social Media…,https://www.indeed.com/viewjob?jk=ff17aad83df5cbaf&fccid=09301d88bc750c46&vjs=3
Field Services Analyst,RWJBarnabas Health,3.9,Jersey City NJ 07302 (Downtown area),Perform training to staff and customers on various technology topics including hardware configurations processes and applications.,https://www.indeed.com/viewjob?jk=4c14b987f4a57513&fccid=c4edd35d91e8a141&vjs=3
Energy Auditor,EN-POWER GROUP,5.0,New York NY,Demonstrated passion for energy efficiency and clean energy technology.Work with interns during energy audits and other on-site data collection visits.,https://www.indeed.com/viewjob?jk=998cdfd057abb6f0&fccid=e0cd144d72a4f10b&vjs=3
INTERN - Statistics Temporary,United Nations,4.4,New York NY,Costs and arrangements for travel visas accommodation and living expenses are the responsibility of interns or their sponsoring institutions.,https://www.indeed.com/viewjob?jk=91e0c135979c2322&fccid=65ae769cb89830ec&vjs=3
Intern Benefits (Summer 2021),Panasonic Corporation of North America,3.8,Newark NJ,We are looking to employ an enthusiastic and driven Benefit Intern to assist our HR department with administrative benefits related tasks.,https://www.indeed.com/viewjob?jk=b37cdd5b1800cce5&fccid=1cd1990427c0d7e2&vjs=3
Fixed Income Corporate Credit Trader,Brown Brothers Harriman,3.7,New York NY,Working with analysts and PMs to help locate bonds of desired issues.Mentoring and training interns from large clients for a few days a year.,https://www.indeed.com/viewjob?jk=bd9328a710902f35&fccid=6b4d8589813ead16&vjs=3
Tik Tok Business Researcher Internship,ByteDance,-,-,Past internship experience in consulting VC strategic role in an leading Internet company and research analyst role in banking/PE strong preferred.,https://www.indeed.com/viewjob?cmp=ByteDance&t=ead/clk?mo=r&ad=-6NYlbfkN0A1xek5knTnC5i_gSNNUQ677KkFw824YX3Xvyf6DkeM2VycB-_zAS9fKDHwOMPdvrcwOP-ij7j78xltqYVuGrXKxejquXirk0r7534PnV0CpCNld7fQAM-ODBLBVWKz5Sq7dNHhAgrhyODvhPE_K-gbT9qDSUVoRZ0t6i7DSQyjydofud_WfaPfIk9pRCxDTDJgENRcWtotArAUBbiUtlLOyP0-4FL13pki7IJft6PsExf8UEm8ajDTiigIBgCrDxSNu5HwOSdzupHWs_qaIaaVaqtA4lWBVqld3evkvS6Rm3n21ID9AkrQNh-qD_md0p-z7mD6vlkz4dQzG3APFQ1yf_DEqOoU3Z1fh5yThlz2CxAphd1KzE&jk=
Healthcare Associate Intern Client Service (Class Of 2022)...,Guidepoint Global,3.3,New York NY 10017 (Turtle Bay area),Working alongside analysts and project managers you will help clients collect insights critical to make effective investment and business decisions in the…,https://www.indeed.com/viewjob?jk=e4f78e9ed1bd88ba&fccid=3ec60d46cb3714f9&vjs=3
Associate Intern Client Service (Class Of 2022) – NYC,Guidepoint Global,3.3,New York NY 10017 (Turtle Bay area),Working alongside analysts and project managers you will help clients collect insights critical to make effective investment and business decisions.,https://www.indeed.com/viewjob?jk=a99aa0de59a1f8db&fccid=3ec60d46cb3714f9&vjs=3
Senior Associate E-GRC/Business Analyst with Service Now,KPMG,4.0,New York NY,Supervise and mentor associates interns and new hires.Provide high quality professional day-to-day execution of internal audit engagements and projects in…,https://www.indeed.com/viewjob?jk=f6a65fdf36a0a5b9&fccid=2dd390c3a48a7ed0&vjs=3
Industrial Engineering Intern – Summer 2021,CACI,3.8,Florham Park NJ 07932,Work includes Product Lifecycle Management tool utilization for database management and advanced report generation.,https://www.indeed.com/viewjob?jk=be94b5b89216a3e0&fccid=290a4498a64fc044&vjs=3
Programmer Analyst,Econtenti Inc,3.8,Edison NJ 08817,Design and develop applications in Java programming languages & related framework that includes Servlet JSP Struts Flex Springs core Spring AOP Spring…,https://www.indeed.com/viewjob?jk=c8e23411d5fbe6c0&fccid=aebeb817f6c0dd17&vjs=3
Associate Internship Program,Penderie,-,Edgewater NJ,TAP is an internship offered to current student or recent degree/diploma holders with concentration in information technology programing languages & web…,https://www.indeed.com/viewjob?jk=b2c7f1b487b07822&fccid=462cc3d086682285&vjs=3
GIS Intern,Workforce Logiq,3.1,Paramus NJ 07652,The data being shared must reliably meet operational and daily system maintenance needs.Asset data in GIS must be accurate positionally (in the right place)…,https://www.indeed.com/viewjob?jk=c4ad58459d401342&fccid=bdbc38ad07a162e4&vjs=3
RE-EMERGE: Return to Work Program (Technical Internship),DTCC,3.7,Jersey City NJ 07310 (The Waterfront area),Prior experience at a financial technology firm financial institution or other data-intensive setting is a plus.Experience developing on Unix/Linux platform.,https://www.indeed.com/viewjob?jk=84fcfe0bf78daef3&fccid=22423bb77dd8554a&vjs=3
Threat Intelligence Manager,RWJBarnabas Health,3.9,West Orange NJ 07052,Strong understanding of networking protocols and server technologies and event logging.Experience with LDAP single sign-on technologies and web access…,https://www.indeed.com/viewjob?jk=3babb672000301a3&fccid=c4edd35d91e8a141&vjs=3
B2B Public Relations Vice President,Affect,3.8,New York NY 10018 (Garment District area),As a boutique B2B technology PR firm the Vice President role is a pivotal position as it oversees operations and account management.,https://www.indeed.com/viewjob?jk=d58e4b5ed09e2972&fccid=421257c00a110d47&vjs=3
2021 Student Technology Agile & Readiness Training (S.T.A.R...,BNY Mellon,3.5,New York NY 10286 (Tribeca area),Proposes innovative creative technology solutions.Client Technology Solutions provides our business partners with client-focused technology-based solutions.,https://www.indeed.com/viewjob?jk=9d5670ae367d7cd5&fccid=b4048be2884af072&vjs=3
B2B PR Account Director NYC,Affect,3.8,New York NY 10018 (Garment District area),B2B public relations and marketing experience required; technology PR and marketing experience a plus.Account Directors oversee multiple client accounts…,https://www.indeed.com/viewjob?jk=efda613267e2b70c&fccid=421257c00a110d47&vjs=3
2021 Summer Graduate Intern - Pharma-Account Marketing,Novartis,4.1,East Hanover NJ 07936,Gather organize and synthesize marketplace information (e.g. analyst reports for key accounts new approaches technologies etc).,https://www.indeed.com/viewjob?jk=89a299283cf11b85&fccid=c35194d01a9e2595&vjs=3
Tik Tok Business Researcher Internship,ByteDance,-,-,Past internship experience in consulting VC strategic role in an leading Internet company and research analyst role in banking/PE strong preferred.,https://www.indeed.com/viewjob?cmp=ByteDance&t=ead/clk?mo=r&ad=-6NYlbfkN0A1xek5knTnC5i_gSNNUQ677KkFw824YX3Xvyf6DkeM2VycB-_zAS9fKDHwOMPdvrcwOP-ij7j78xltqYVuGrXKxejquXirk0r7534PnV0CpCNld7fQAM-ODBLBVWKz5Sq7dNHhAgrhyODvhPE_K-gbT9qDSUVoRZ0t6i7DSQyjydofud_WfaPfZ2ATAnlDMqXgn0fZQRmoP_qbsBXq8KxA7_6pWTVsrHVv0kte9DHIJcKhqAybK52annSG-GIQCHzjKHD4Aq8IM5FbjJsxBzdB2-hSL3VwESm_MwXK1F-g_d5lZRqdQklxntxXPm1XOP-a3nnDCScKJx6y3Peukfl-6mZVOa8__z9a8y7eY7PH1fFTY_nf4sCzNaVhGhZySXdZeGu1IfB9hWel-rR76HpJUaM2wUhIx07uDfEUHwDmPN1y6IcFTMz4UkOvKWw6kMZOmN2&jk=
Senior Energy Engineer,EN-POWER GROUP,5.0,New York NY,Support managing the energy audit team consisting of engineers analysts interns and administrative staff.Perform QA/QC processes of energy reduction plans.,https://www.indeed.com/viewjob?jk=016729f0d5ef14ce&fccid=e0cd144d72a4f10b&vjs=3
